Month,SBI
2013-01,-100.0
2013-02,-55.55555555555556
2013-04,-66.66666666666666
2013-06,100.0
2013-09,-55.55555555555556
2013-10,0.0
2013-12,-80.0
2014-01,100.0
2014-03,-66.66666666666666
2014-04,-100.0
2014-05,-50.0
2014-08,-14.285714285714285
2014-09,-100.0
2014-10,28.57142857142857
2015-02,100.0
2015-03,-14.285714285714285
2015-04,-20.0
2015-06,100.0
2015-10,100.0
2015-11,100.0
2016-08,-50.0
2016-11,100.0
2017-10,-100.0
2017-12,-100.0
2018-02,-100.0
2018-03,-81.81818181818183
2019-02,-100.0
2019-04,100.0
2019-07,-100.0
2019-09,55.55555555555556
2019-11,-60.0
2019-12,100.0
2020-01,71.42857142857143
2020-02,55.55555555555556
2020-04,-71.42857142857143
2020-05,-68.0
2020-06,-66.66666666666666
2020-07,-53.84615384615385
2020-08,-75.75757575757575
2020-09,-86.11111111111111
2020-10,-85.71428571428571
2020-11,-100.0
2020-12,-100.0
2021-01,-66.66666666666666
2021-02,-40.74074074074074
2021-03,20.0
2021-04,-100.0
2021-05,-63.63636363636363
2021-06,-71.42857142857143
2021-07,-63.63636363636363
2021-08,25.0
2021-09,100.0
2021-10,-100.0
2021-11,0.0
2021-12,-40.0
2022-01,-100.0
2022-02,-50.0
2022-03,0.0
2022-04,-28.57142857142857
2022-05,0.0
2022-06,-100.0
2022-07,0.0
2022-09,60.0
2022-10,-100.0
2022-12,-11.11111111111111
2023-01,-100.0
2023-02,-66.66666666666666
2023-03,-100.0
2023-06,-100.0
2023-08,0.0
2023-09,-69.23076923076923
2023-10,-100.0
2023-11,-100.0
2024-01,33.33333333333333
2024-04,-100.0
2024-05,-100.0
2024-06,-20.0
2024-07,-100.0
2024-08,-57.57575757575758
2024-09,-75.0
2024-10,81.81818181818183
2024-11,-33.33333333333333
2024-12,-61.53846153846154
2025-01,42.857142857142854
2025-02,-54.54545454545454
2025-03,-61.53846153846154
2025-04,-11.11111111111111
2025-05,-75.0
2025-06,23.809523809523807
2025-07,18.181818181818183
2025-08,-33.33333333333333
2025-09,7.142857142857142
2025-10,27.586206896551722
2013,-36.8254
2014,-28.9116
2015,60.9524
2016,25
2017,-100
2018,-90.9091
2019,-0.7407
2020,-52.7764
2021,-33.4257
2022,-32.9683
2023,-79.4872
2024,-43.2296
2025,-11.5951
